x;y(x)
-10.0;-0.029037174989463267
-9.99;-0.029593925120695277
-9.98;-0.03016155685147863
-9.97;-0.030740281074351165
-9.96;-0.03133031256171074
-9.950000000000001;-0.03193187002891699
-9.940000000000001;-0.03254517619822003
-9.930000000000001;-0.03317045786353451
-9.920000000000002;-0.03380794595607116
-9.910000000000002;-0.03445787561084393
-9.900000000000002;-0.035120486234062755
-9.890000000000002;-0.03579602157144134
-9.880000000000003;-0.03648472977742425
-9.870000000000003;-0.037186863485372555
-9.860000000000003;-0.037902679878703584
-9.850000000000003;-0.03863244076303921
-9.840000000000003;-0.039376412639368454
-9.830000000000004;-0.04013486677824819
-9.820000000000004;-0.040908079295092485
-9.810000000000004;-0.041696331226560135
-9.800000000000004;-0.042499908608088846
-9.790000000000004;-0.04331910255260152
-9.780000000000005;-0.0441542093304398
-9.770000000000005;-0.04500553045054248
-9.760000000000005;-0.04587337274293976
-9.750000000000005;-0.046758048442594756
-9.740000000000006;-0.04765987527464885
-9.730000000000006;-0.04857917654113088
-9.720000000000006;-0.04951628120917327
-9.710000000000006;-0.05047152400082699
-9.700000000000006;-0.051445245484512805
-9.690000000000007;-0.05243779216820228
-9.680000000000007;-0.05344951659439195
-9.670000000000007;-0.05448077743696527
-9.660000000000007;-0.05553193960002628
-9.650000000000007;-0.056603374318789416
-9.640000000000008;-0.05769545926264011
-9.630000000000008;-0.058808578640464175
-9.620000000000008;-0.059943123308361816
-9.610000000000008;-0.061099490879869905
-9.600000000000009;-0.062278085838799645
-9.590000000000009;-0.06347931965487617
-9.580000000000009;-0.06470361090226785
-9.57000000000001;-0.06595138538118206
-9.56000000000001;-0.06722307624270862
-9.55000000000001;-0.06851912411705986
-9.54000000000001;-0.06983997724539331
-9.53000000000001;-0.0711860916154241
-9.52000000000001;-0.07255793110100718
-9.51000000000001;-0.07395596760597632
-9.50000000000001;-0.07538068121233317
-9.49000000000001;-0.07683256033320295
-9.480000000000011;-0.07831210187067121
-9.470000000000011;-0.07981981137885058
-9.460000000000012;-0.08135620323244536
-9.450000000000012;-0.08292180080111396
-9.440000000000012;-0.08451713662993707
-9.430000000000012;-0.08614275262639148
-9.420000000000012;-0.08779920025405837
-9.410000000000013;-0.0894870407336147
-9.400000000000013;-0.0912068452513486
-9.390000000000013;-0.09295919517570252
-9.380000000000013;-0.09474468228224556
-9.370000000000013;-0.09656390898759701
-9.360000000000014;-0.09841748859267559
-9.350000000000014;-0.10030604553591405
-9.340000000000014;-0.10223021565689851
-9.330000000000014;-0.10419064647102493
-9.320000000000014;-0.10618799745576488
-9.310000000000015;-0.10822294034918797
-9.300000000000015;-0.11029615946135192
-9.290000000000015;-0.11240835199934361
-9.280000000000015;-0.11456022840658797
-9.270000000000016;-0.11675251271729538
-9.260000000000016;-0.11898594292677642
-9.250000000000016;-0.12126127137852534
-9.240000000000016;-0.12357926516894487
-9.230000000000016;-0.12594070657061432
-9.220000000000017;-0.1283463934751798
-9.210000000000017;-0.13079713985672795
-9.200000000000017;-0.1332937762570134
-9.190000000000017;-0.13583715029328502
-9.180000000000017;-0.13842812719033604
-9.170000000000018;-0.14106759033773245
-9.160000000000018;-0.14375644187364892
-9.150000000000018;-0.14649560329678576
-9.140000000000018;-0.14928601610767056
-9.130000000000019;-0.15212864248106098
-9.120000000000019;-0.15502446597089808
-9.110000000000019;-0.15797449224972923
-9.10000000000002;-0.16097974988417388
-9.09000000000002;-0.1640412911484907
-9.08000000000002;-0.16716019287824346
-9.07000000000002;-0.17033755736594483
-9.06000000000002;-0.17357451330128532
-9.05000000000002;-0.17687221675791248
-9.04000000000002;-0.18023185222942598
-9.03000000000002;-0.18365463371718263
-9.020000000000021;-0.18714180587255563
-9.010000000000021;-0.1906946451967324
-9.000000000000021;-0.1943144613008604
-8.990000000000022;-0.19800259823003388
-8.980000000000022;-0.20176043585446857
-8.970000000000022;-0.20558939133136417
-8.960000000000022;-0.20949092064154098
-8.950000000000022;-0.2134665202047396
-8.940000000000023;-0.21751772857795418
-8.930000000000023;-0.22164612824132776
-8.920000000000023;-0.22585334747671953
-8.910000000000023;-0.23014106234371476
-8.900000000000023;-0.2345109987588623
-8.890000000000024;-0.2389649346838585
-8.880000000000024;-0.24350470242884717
-8.870000000000024;-0.24813219107769977
-8.860000000000024;-0.25284934904174117
-8.850000000000025;-0.2576581867501576
-8.840000000000025;-0.26256077948450224
-8.830000000000025;-0.26755927036613414
-8.820000000000025;-0.2726558735056612
-8.810000000000025;-0.27785287732397984
-8.800000000000026;-0.2831526480556877
-8.790000000000026;-0.28855763344559343
-8.780000000000026;-0.2940703666507622
-8.770000000000026;-0.29969347036038707
-8.760000000000026;-0.3054296611476652
-8.750000000000027;-0.31128175406830005
-8.740000000000027;-0.31725266752133824
-8.730000000000027;-0.3233454283895271
-8.720000000000027;-0.3295631774775542
-8.710000000000027;-0.3359091752677878
-8.700000000000028;-0.3423868080147826
-8.690000000000028;-0.3489995942015074
-8.680000000000028;-0.35575119138226863
-8.670000000000028;-0.36264540343835405
-8.660000000000029;-0.3696861882762201
-8.650000000000029;-0.3768776659984873
-8.640000000000029;-0.38422412758248264
-8.63000000000003;-0.39173004410190665
-8.62000000000003;-0.3994000765325091
-8.61000000000003;-0.4072390861836361
-8.60000000000003;-0.41525214580375797
-8.59000000000003;-0.4234445514095075
-8.58000000000003;-0.4318218348947633
-8.57000000000003;-0.44038977747939223
-8.56000000000003;-0.4491544240637382
-8.550000000000031;-0.45812209856024444
-8.540000000000031;-0.46729942028130295
-8.530000000000031;-0.47669332146758564
-8.520000000000032;-0.48631106605265206
-8.510000000000032;-0.49616026976453104
-8.500000000000032;-0.5062489216780689
-8.490000000000032;-0.5165854073418461
-8.480000000000032;-0.5271785336142828
-8.470000000000033;-0.5380375553605697
-8.460000000000033;-0.5491722041729539
-8.450000000000033;-0.5605927192977135
-8.440000000000033;-0.5723098809687306
-8.430000000000033;-0.5843350463695989
-8.420000000000034;-0.596680188469742
-8.410000000000034;-0.6093579380070444
-8.400000000000034;-0.6223816289185994
-8.390000000000034;-0.6357653475554967
-8.380000000000035;-0.6495239860558205
-8.370000000000035;-0.6636733002915678
-8.360000000000035;-0.678229972854809
-8.350000000000035;-0.6932116816031564
-8.340000000000035;-0.7086371743460352
-8.330000000000036;-0.7245263503249871
-8.320000000000036;-0.7409003492211905
-8.310000000000036;-0.7577816485152331
-8.300000000000036;-0.7751941701299246
-8.290000000000036;-0.7931633974067148
-8.280000000000037;-0.8117165036040801
-8.270000000000037;-0.8308824932677151
-8.260000000000037;-0.8506923580001424
-8.250000000000037;-0.8711792483773639
-8.240000000000038;-0.8923786639968371
-8.230000000000038;-0.9143286639318124
-8.220000000000038;-0.9370701001982383
-8.210000000000038;-0.9606468772229666
-8.200000000000038;-0.985106240760696
-8.190000000000039;-1.0104991002366916
-8.180000000000039;-1.0368803891154725
-8.170000000000039;-1.064309468637668
-8.16000000000004;-1.0928505811432676
-8.15000000000004;-1.122573360232937
-8.14000000000004;-1.1535534062660329
-8.13000000000004;-1.1858729371692902
-8.12000000000004;-1.219621526318248
-8.11000000000004;-1.2548969413888758
-8.10000000000004;-1.2918061006841839
-8.09000000000004;-1.330466166586264
-8.080000000000041;-1.3710057996413016
-8.070000000000041;-1.413566601496322
-8.060000000000041;-1.4583047807330907
-8.050000000000042;-1.505393082825022
-8.040000000000042;-1.5550230344090805
-8.030000000000042;-1.6074075632641456
-8.020000000000042;-1.6627840694778715
-8.010000000000042;-1.721418041139079
-8.000000000000043;-1.7836073306272433
-7.990000000000043;-1.8496872367247148
-7.980000000000043;-1.9200365754639923
-7.970000000000043;-1.99508497165321
-7.9600000000000435;-2.075321667362323
-7.950000000000044;-2.1613062287940705
-7.940000000000044;-2.253681646652926
-7.930000000000044;-2.3531904784082927
-7.920000000000044;-2.4606948896835217
-7.9100000000000446;-2.5772017396449654
-7.900000000000045;-2.7038942563097623
-7.890000000000045;-2.842172413925313
-7.880000000000045;-2.9937049354265644
-7.870000000000045;-3.1604970215928607
-7.860000000000046;-3.344979650224199
-7.850000000000046;-3.550128909005473
-7.840000000000046;-3.7796278465194852
-7.830000000000046;-4.038089631228476
-7.8200000000000465;-4.3313709376625
-7.810000000000047;-4.667021195637881
-7.800000000000047;-5.054941772239313
-7.790000000000047;-5.508379204350982
-7.780000000000047;-6.045468200954213
-7.7700000000000475;-6.691715519448935
-7.760000000000048;-7.48416976875299
-7.750000000000048;-8.478782468936991
-7.740000000000048;-9.764226368085552
-7.730000000000048;-11.489911142139155
-7.720000000000049;-13.928730724616496
-7.710000000000049;-17.637858403358816
-7.700000000000049;-23.95927359516663
-7.690000000000049;-37.15261710465187
-7.6800000000000495;-81.76632493835505
-7.67000000000005;430.6022230930704
-7.66000000000005;59.727963886995624
-7.65000000000005;32.22439898326043
-7.64000000000005;22.127162833313715
-7.6300000000000505;16.88422139150434
-7.620000000000051;13.673425659188734
-7.610000000000051;11.505132003288256
-7.600000000000051;9.942555086073355
-7.590000000000051;8.763014888106026
-7.580000000000052;7.841069523025456
-7.570000000000052;7.100662759277151
-7.560000000000052;6.492998223503259
-7.550000000000052;5.985330759749436
-7.540000000000052;5.554868034209367
-7.530000000000053;5.185256169619155
-7.520000000000053;4.864456271307607
-7.510000000000053;4.583409362175144
-7.500000000000053;4.3351681182306345
-7.4900000000000535;4.11431547254017
-7.480000000000054;3.9165652828843234
-7.470000000000054;3.738481847169158
-7.460000000000054;3.5772789506108618
-7.450000000000054;3.4306733220584027
-7.440000000000055;3.296776054682845
-7.430000000000055;3.1740109915329495
-7.420000000000055;3.061052573854653
-7.410000000000055;2.956777944287073
-7.400000000000055;2.8602296310362187
-7.390000000000056;2.7705861828151868
-7.380000000000056;2.6871388459577616
-7.370000000000056;2.6092728813413975
-7.360000000000056;2.5364524788174734
-7.3500000000000565;2.4682084861077147
-7.340000000000057;2.404128358046163
-7.330000000000057;2.3438478711765396
-7.320000000000057;2.2870442522501317
-7.310000000000057;2.2334304469083075
-7.3000000000000576;2.182750313775938
-7.290000000000058;2.134774574208195
-7.280000000000058;2.0892973826154915
-7.270000000000058;2.0461334091987147
-7.260000000000058;2.005115347951878
-7.250000000000059;1.966091779322483
-7.240000000000059;1.9289253300090294
-7.230000000000059;1.89349108279642
-7.220000000000059;1.8596751976718273
-7.2100000000000595;1.827373712180904
-7.20000000000006;1.7964914944206711
-7.19000000000006;1.7669413264834666
-7.18000000000006;1.7386430997770563
-7.17000000000006;1.7115231066072543
-7.1600000000000605;1.6855134148536668
-7.150000000000061;1.6605513145872512
-7.140000000000061;1.636578827154209
-7.130000000000061;1.6135422686571916
-7.120000000000061;1.5913918609270445
-7.110000000000062;1.570081384066993
-7.100000000000062;1.5495678654793388
-7.090000000000062;1.5298113009828087
-7.080000000000062;1.510774404223257
-7.0700000000000625;1.4924223810879769
-7.060000000000063;1.4747227262587497
-7.050000000000063;1.4576450394140568
-7.040000000000063;1.4411608589003864
-7.030000000000063;1.4252435109689423
-7.0200000000000635;1.4098679729031118
-7.010000000000064;1.3950107485710233
-7.000000000000064;1.3806497551047434
-6.990000000000064;1.3667642195652367
-6.980000000000064;1.353334584583522
-6.970000000000065;1.3403424220803501
-6.960000000000065;1.3277703542719803
-6.950000000000065;1.3156019812549118
-6.940000000000065;1.3038218145399025
-6.930000000000065;1.292415215974459
-6.920000000000066;1.2813683415520603
-6.910000000000066;1.2706680896592395
-6.900000000000066;1.2603020533584721
-6.890000000000066;1.2502584763453084
-6.8800000000000665;1.24052621225489
-6.870000000000067;1.231094687027358
-6.860000000000067;1.2219538640659922
-6.850000000000067;1.2130942119529078
-6.840000000000067;1.204506674505896
-6.830000000000068;1.1961826429826772
-6.820000000000068;1.188113930256587
-6.810000000000068;1.1802927468025173
-6.800000000000068;1.1727116783507814
-6.790000000000068;1.165363665073897
-6.780000000000069;1.1582419821884586
-6.770000000000069;1.151340221861567
-6.760000000000069;1.1446522763230658
-6.750000000000069;1.1381723220909177
-6.7400000000000695;1.1318948052284001
-6.73000000000007;1.1258144275551483
-6.72000000000007;1.119926133744109
-6.71000000000007;1.114225099238628
-6.70000000000007;1.1087067189324558
-6.690000000000071;1.1033665965585662
-6.680000000000071;1.0982005347367731
-6.670000000000071;1.0932045256350982
-6.660000000000071;1.0883747422031882
-6.650000000000071;1.0837075299387047
-6.640000000000072;1.0791993991517415
-6.630000000000072;1.0748470176938094
-6.620000000000072;1.070647204122011
-6.610000000000072;1.0665969212693969
-6.6000000000000725;1.0626932701966525
-6.590000000000073;1.0589334845005192
-6.580000000000073;1.055314924957267
-6.570000000000073;1.0518350744806224
-6.560000000000073;1.048491533374931
-6.5500000000000735;1.04528201486661
-6.540000000000074;1.0422043408968338
-6.530000000000074;1.0392564381609906
-6.520000000000074;1.0364363343805592
-6.510000000000074;1.0337421547943166
-6.500000000000075;1.0311721188573488
-6.490000000000075;1.0287245371357585
-6.480000000000075;1.026397808387653
-6.470000000000075;1.0241904168197329
-6.4600000000000755;1.0221009295116743
-6.450000000000076;1.0201279939987327
-6.440000000000076;1.0182703360058825
-6.430000000000076;1.016526757325563
-6.420000000000076;1.0148961338328188
-6.4100000000000765;1.0133774136317797
-6.400000000000077;1.0119696153270394
-6.390000000000077;1.0106718264156018
-6.380000000000077;1.009483201793778
-6.370000000000077;1.0084029623750537
-6.360000000000078;1.0074303938144273
-6.350000000000078;1.0065648453354703
-6.340000000000078;1.0058057286569182
-6.330000000000078;1.0051525170150808
-6.320000000000078;1.0046047442798476
-6.310000000000079;1.0041620041609634
-6.300000000000079;1.003823949502676
-6.290000000000079;1.00359029166457
-6.280000000000079;1.0034607999865643
-6.2700000000000795;1.0034353013366093
-6.26000000000008;1.0035136797395032
-6.25000000000008;1.003695876085799
-6.24000000000008;1.0039818879197238
-6.23000000000008;1.0043717693054408
-6.220000000000081;1.0048656307707633
-6.210000000000081;1.005463639328508
-6.200000000000081;1.0061660185747712
-6.190000000000081;1.0069730488645219
-6.180000000000081;1.0078850675645563
-6.170000000000082;1.008902469384376
-6.160000000000082;1.0100257067852998
-6.150000000000082;1.0112552904692051
-6.140000000000082;1.0125917899473347
-6.1300000000000825;1.0140358341907563
-6.120000000000083;1.0155881123638184
-6.110000000000083;1.017249374642221
-6.100000000000083;1.0190204331179251
-6.090000000000083;1.0209021627922266
-6.080000000000084;1.0228955026604072
-6.070000000000084;1.0250014568897958
-6.060000000000084;1.0272210960942991
-6.050000000000084;1.0295555587087117
-6.040000000000084;1.032006052466217
-6.030000000000085;1.0345738559823836
-6.020000000000085;1.037260320450387
-6.010000000000085;1.0400668714511523
-6.000000000000085;1.0429950108835726
-5.9900000000000855;1.0460463190197538
-5.980000000000086;1.0492224566906763
-5.970000000000086;1.0525251676082796
-5.960000000000086;1.0559562808302736
-5.950000000000086;1.0595177133744533
-5.9400000000000865;1.0632114729898852
-5.930000000000087;1.0670396610927166
-5.920000000000087;1.071004475875162
-5.910000000000087;1.0751082155965694
-5.900000000000087;1.0793532820662834
-5.890000000000088;1.083742184328752
-5.880000000000088;1.088277542562169
-5.870000000000088;1.0929620922021344
-5.860000000000088;1.0977986883037911
-5.8500000000000885;1.1027903101557917
-5.840000000000089;1.1079400661611372
-5.830000000000089;1.1132511990006566
-5.820000000000089;1.1187270910961522
-5.810000000000089;1.1243712703919113
-5.8000000000000895;1.1301874164739352
-5.79000000000009;1.1361793670482672
-5.78000000000009;1.1423511248014364
-5.77000000000009;1.1487068646674852
-5.76000000000009;1.155250941528061
-5.750000000000091;1.1619878983743723
-5.740000000000091;1.1689224749617315
-5.730000000000091;1.1760596169899804
-5.720000000000091;1.1834044858460244
-5.7100000000000914;1.190962468946753
-5.700000000000092;1.1987391907253309
-5.690000000000092;1.2067405243054588
-5.680000000000092;1.21497260391355
-5.670000000000092;1.2234418380819307
-5.6600000000000925;1.232154923701285
-5.650000000000093;1.2411188609849846
-5.640000000000093;1.2503409694139518
-5.630000000000093;1.2598289047364197
-5.620000000000093;1.2695906771033394
-5.610000000000094;1.2796346704277184
-5.600000000000094;1.2899696630641975
-5.590000000000094;1.3006048499133347
-5.580000000000094;1.3115498660657758
-5.570000000000094;1.3228148121111258
-5.560000000000095;1.334410281248936
-5.550000000000095;1.3463473883519406
-5.540000000000095;1.3586378011465037
-5.530000000000095;1.3712937736911055
-5.5200000000000955;1.3843281823516196
-5.510000000000096;1.3977545644925078
-5.500000000000096;1.41158716012464
-5.490000000000096;1.4258409567761703
-5.480000000000096;1.4405317378792757
-5.470000000000097;1.4556761349982352
-5.460000000000097;1.471291684257553
-5.450000000000097;1.4873968873689234
-5.440000000000097;1.5040112776989054
-5.430000000000097;1.5211554918689218
-5.420000000000098;1.5388513474346843
-5.410000000000098;1.5571219272545658
-5.400000000000098;1.5759916712281103
-5.390000000000098;1.5954864761651841
-5.3800000000000985;1.6156338046388699
-5.370000000000099;1.6364628037772389
-5.360000000000099;1.6580044350690888
-5.350000000000099;1.6802916163918202
-5.340000000000099;1.7033593776248552
-5.3300000000000995;1.7272450313881358
-5.3200000000001;1.751988360648089
-5.3100000000001;1.7776318251663545
-5.3000000000001;1.8042207890362134
-5.2900000000001;1.831803771861838
-5.280000000000101;1.8604327264961857
-5.270000000000101;1.890163346671315
-5.260000000000101;1.9210554083422577
-5.250000000000101;1.953173149133776
-5.2400000000001015;1.986585690945769
-5.230000000000102;2.0213675115531293
-5.220000000000102;2.0575989719572276
-5.210000000000102;2.0953669073309618
-5.200000000000102;2.1347652906873837
-5.1900000000001025;2.1758959799302593
-5.180000000000103;2.2188695607687063
-5.170000000000103;2.2638063001603386
-5.160000000000103;2.3108372275685722
-5.150000000000103;2.3601053644788026
-5.140000000000104;2.411767126444941
-5.130000000000104;2.4659939265860458
-5.120000000000104;2.522974015128821
-5.110000000000104;2.5829145965544247
-5.1000000000001044;2.6460442744832857
-5.090000000000105;2.712615885055378
-5.080000000000105;2.7829097927839435
-5.070000000000105;2.857237739412407
-5.060000000000105;2.9359473571382244
-5.0500000000001055;3.0194274839574153
-5.040000000000106;3.1081144525239446
-5.030000000000106;3.2024995670886636
-5.020000000000106;3.3031380388881986
-5.010000000000106;3.4106597230327362
-5.000000000000107;3.5257820953671275
-4.990000000000107;3.6493260341406057
-4.980000000000107;3.782235140179686
-4.970000000000107;3.9255995571175144
-4.960000000000107;4.080685563908244
-4.950000000000108;4.248972640219845
-4.940000000000108;4.432200303046452
-4.930000000000108;4.63242785786083
-4.920000000000108;4.85211141892877
-4.9100000000001085;5.094204316416849
-4.900000000000109;5.362289616728168
-4.890000000000109;5.660757413335436
-4.880000000000109;5.995045587054099
-4.870000000000109;6.371972226567449
-4.86000000000011;6.800203179639443
-4.85000000000011;7.290923479025314
-4.84000000000011;7.858824486935007
-4.83000000000011;8.523594686412922
-4.82000000000011;9.312241772245386
-4.810000000000111;10.262842262832303
-4.800000000000111;11.43085935152046
-4.790000000000111;12.900345720616212
-4.780000000000111;14.805089742327766
-4.7700000000001115;17.371789130657685
-4.760000000000112;21.017645636082836
-4.750000000000112;26.603697669346207
-4.740000000000112;36.238884278422645
-4.730000000000112;56.825300776332476
-4.7200000000001125;131.59383876690916
-4.710000000000113;-416.6152505236336
-4.700000000000113;-80.64833091934744
-4.690000000000113;-44.64782273030595
-4.680000000000113;-30.87059657941466
-4.670000000000114;-23.592785913511626
-4.660000000000114;-19.093381039595414
-4.650000000000114;-16.03661914441027
-4.640000000000114;-13.824723765905759
-4.6300000000001145;-12.150099790447817
-4.620000000000115;-10.838309617024912
-4.610000000000115;-9.783055103409533
-4.600000000000115;-8.915866530726303
-4.590000000000115;-8.19064986849386
-4.5800000000001155;-7.5752367677722665
-4.570000000000116;-7.046494940119542
-4.560000000000116;-6.587363578985739
-4.550000000000116;-6.184984065988365
-4.540000000000116;-5.829481241895398
-4.530000000000117;-5.5131455744121105
-4.520000000000117;-5.229870366657181
-4.510000000000117;-4.974755800738537
-4.500000000000117;-4.743824833215191
-4.4900000000001175;-4.533815737332862
-4.480000000000118;-4.34202820569441
-4.470000000000118;-4.1662075462722585
-4.460000000000118;-4.004456407062694
-4.450000000000118;-3.8551666856266915
-4.4400000000001185;-3.7169664365137156
-4.430000000000119;-3.5886780589661855
-4.420000000000119;-3.469285064433606
-4.410000000000119;-3.3579054378303597
-4.400000000000119;-3.2537701150682476
-4.39000000000012;-3.1562054660120276
-4.38000000000012;-3.0646189393578984
-4.37000000000012;-2.9784872230148536
-4.36000000000012;-2.897346420315485
-4.35000000000012;-2.8207838526854463
-4.340000000000121;-2.748431183046905
-4.330000000000121;-2.679958618190228
-4.320000000000121;-2.6150699976374274
-4.310000000000121;-2.553498614786999
-4.3000000000001215;-2.4950036460444793
-4.290000000000122;-2.4393670871833644
-4.280000000000122;-2.3863911148226853
-4.270000000000122;-2.335895805756092
-4.260000000000122;-2.2877171587621814
-4.250000000000123;-2.2417053731051753
-4.240000000000123;-2.1977233456899903
-4.230000000000123;-2.155645355143385
-4.220000000000123;-2.1153559062476806
-4.210000000000123;-2.0767487123849935
-4.200000000000124;-2.039725797138423
-4.190000000000124;-2.004196699083428
-4.180000000000124;-1.970077766202276
-4.170000000000124;-1.9372915283550212
-4.1600000000001245;-1.9057661379161195
-4.150000000000125;-1.8754348700922303
-4.140000000000125;-1.8462356756229918
-4.130000000000125;-1.8181107795686828
-4.120000000000125;-1.7910063207392297
-4.1100000000001256;-1.7648720270421112
-4.100000000000126;-1.7396609226434667
-4.090000000000126;-1.7153290633647624
-4.080000000000126;-1.6918352971896762
-4.070000000000126;-1.6691410471451036
-4.060000000000127;-1.6472101141559419
-4.050000000000127;-1.6260084977629112
-4.040000000000127;-1.6055042328439435
-4.030000000000127;-1.5856672406977566
-4.0200000000001275;-1.5664691930376482
-4.010000000000128;-1.5478833876090952
-4.000000000000128;-1.529884634289312
-3.990000000000128;-1.512449150652981
-3.9800000000001283;-1.495554466099789
-3.9700000000001285;-1.4791793337365655
-3.9600000000001288;-1.463303649292751
-3.950000000000129;-1.4479083764236114
-3.940000000000129;-1.4329754778224875
-3.9300000000001294;-1.4184878516225092
-3.9200000000001296;-1.4044292726207177
-3.91000000000013;-1.3907843379041032
-3.90000000000013;-1.3775384164984037
-3.8900000000001302;-1.3646776026975531
-3.8800000000001305;-1.3521886727643826
-3.8700000000001307;-1.3400590447226672
-3.860000000000131;-1.328276740986923
-3.850000000000131;-1.3168303535997394
-3.8400000000001313;-1.3057090118677446
-3.8300000000001315;-1.2949023522060754
-3.8200000000001317;-1.2844004900184316
-3.810000000000132;-1.2741939934549464
-3.800000000000132;-1.2642738589041855
-3.7900000000001324;-1.254631488087814
-3.7800000000001326;-1.2452586666379386
-3.770000000000133;-1.2361475440472391
-3.760000000000133;-1.227290614891264
-3.7500000000001332;-1.2186807012306484
-3.7400000000001334;-1.2103109361086262
-3.7300000000001337;-1.2021747480660259
-3.720000000000134;-1.1942658466023532
-3.710000000000134;-1.1865782085172
-3.7000000000001343;-1.1791060650713705
-3.6900000000001345;-1.1718438899120214
-3.6800000000001347;-1.164786387710287
-3.670000000000135;-1.1579284834639392
-3.660000000000135;-1.151265312421163
-3.6500000000001354;-1.144792210584958
-3.6400000000001356;-1.1385047057605733
-3.630000000000136;-1.1323985091113262
-3.620000000000136;-1.1264695071905602
-3.610000000000136;-1.1207137544199874
-3.6000000000001364;-1.11512746598673
-3.5900000000001366;-1.1097070111333671
-3.580000000000137;-1.1044489068172099
-3.570000000000137;-1.0993498117165859
-3.5600000000001373;-1.0944065205635884
-3.5500000000001375;-1.0896159587841112
-3.5400000000001377;-1.08497517742734
-3.530000000000138;-1.080481348368102
-3.520000000000138;-1.0761317597666085
-3.5100000000001383;-1.0719238117711685
-3.5000000000001386;-1.067855012450441
-3.4900000000001388;-1.0639229739426816
-3.480000000000139;-1.0601254088102914
-3.470000000000139;-1.0564601265887517
-3.4600000000001394;-1.0529250305197442
-3.4500000000001396;-1.0495181144589465
-3.44000000000014;-1.0462374599496105
-3.43000000000014;-1.0430812334536053
-3.4200000000001403;-1.040047683732188
-3.4100000000001405;-1.037135139369246
-3.4000000000001407;-1.0343420064302105
-3.390000000000141;-1.0316667662503698
-3.380000000000141;-1.0291079733466086
-3.3700000000001413;-1.0266642534471264
-3.3600000000001415;-1.0243343016339013
-3.3500000000001418;-1.0221168805931755
-3.340000000000142;-1.0200108189694292
-3.330000000000142;-1.018015009818676
-3.3200000000001424;-1.0161284091572202
-3.3100000000001426;-1.0143504001454315
-3.300000000000143;-1.0126793091281718
-3.290000000000143;-1.0111146604201882
-3.2800000000001432;-1.0096556490867157
-3.2700000000001435;-1.0083015272148517
-3.2600000000001437;-1.0070516029673748
-3.250000000000144;-1.0059052397116748
-3.240000000000144;-1.0048618552217703
-3.2300000000001443;-1.0039209209514923
-3.2200000000001445;-1.003081961377183
-3.2100000000001447;-1.0023445534083326
-3.200000000000145;-1.001708325864827
-3.190000000000145;-1.0011729590195693
-3.1800000000001454;-1.0007381842054417
-3.1700000000001456;-1.0004037834856943
-3.160000000000146;-1.0001695893870255
-3.150000000000146;-1.000035484694715
-3.1400000000001462;-1.0000014023093622
-3.1300000000001464;-1.0000673251649224
-3.1200000000001467;-1.000233286207799
-3.110000000000147;-1.0004993684370054
-3.100000000000147;-1.0008657050054444
-3.0900000000001473;-1.0013324793825586
-3.0800000000001475;-1.0018999255787142
-3.0700000000001477;-1.0025683284318223
-3.060000000000148;-1.0033380239568668
-3.050000000000148;-1.0042093997591282
-3.0400000000001484;-1.0051828955120516
-3.0300000000001486;-1.0062590035008692
-3.020000000000149;-1.007438269233212
-3.010000000000149;-1.0087212921181614
-3.000000000000149;-1.0101087262152866
-2.9900000000001494;-1.011601281055448
-2.9800000000001496;-1.0131997225352949
-2.97000000000015;-1.014904873887567
-2.96000000000015;-1.0167176167295318
-2.9500000000001503;-1.0186388921920508
-2.9400000000001505;-1.0206697021320341
-2.9300000000001507;-1.0228111104312079
-2.920000000000151;-1.0250642443844016
-2.910000000000151;-1.0274302961807955
-2.9000000000001513;-1.0299105244818023
-2.8900000000001516;-1.0325062560996014
-2.8800000000001518;-1.035218887780553
-2.870000000000152;-1.0380498880981013
-2.860000000000152;-1.0410007994600794
-2.8500000000001524;-1.0440732402356638
-2.8400000000001526;-1.047268907007634
-2.830000000000153;-1.050589576955972
-2.820000000000153;-1.0540371103792694
-2.8100000000001533;-1.0576134533608537
-2.8000000000001535;-1.061320640587054
-2.7900000000001537;-1.065160798325537
-2.780000000000154;-1.0691361475721746
-2.770000000000154;-1.0732490073755727
-2.7600000000001543;-1.0775017983489474
-2.7500000000001545;-1.0818970463797941
-2.7400000000001548;-1.086437386548498
-2.730000000000155;-1.0911255672678484
-2.720000000000155;-1.09596445465627
-2.7100000000001554;-1.1009570371585258
-2.7000000000001556;-1.1061064304286123
-2.690000000000156;-1.1114158824906903
-2.680000000000156;-1.1168887791950202
-2.6700000000001562;-1.122528649987144
-2.6600000000001565;-1.1283391740099311
-2.6500000000001567;-1.1343238228215768
-2.640000000000157;-1.1404873397999171
-2.630000000000157;-1.1468335112250092
-2.6200000000001573;-1.1533666835211354
-2.6100000000001575;-1.1600913891073368
-2.6000000000001577;-1.1670123550002014
-2.590000000000158;-1.1741345119357833
-2.580000000000158;-1.1814630040462424
-2.5700000000001584;-1.1890031991296615
-2.5600000000001586;-1.1967606995546227
-2.550000000000159;-1.2047413538445364
-2.540000000000159;-1.212951268990443
-2.5300000000001592;-1.2213968235451005
-2.5200000000001594;-1.230084681555594
-2.5100000000001597;-1.239021807396654
-2.50000000000016;-1.248215481572174
-2.49000000000016;-1.2576733175583494
-2.4800000000001603;-1.2674032797683106
-2.4700000000001605;-1.277413702725239
-2.4600000000001607;-1.2877133115388133
-2.450000000000161;-1.2983112437884445
-2.440000000000161;-1.309217072926315
-2.4300000000001614;-1.3204408333237614
-2.4200000000001616;-1.3319930470961823
-2.410000000000162;-1.3438847528545663
-2.400000000000162;-1.3561275365460106
-2.390000000000162;-1.3687335645614829
-2.3800000000001624;-1.3817156193067133
-2.3700000000001626;-1.3950871374516898
-2.360000000000163;-1.4088622510961337
-2.350000000000163;-1.4230558321126543
-2.3400000000001633;-1.4376835399565535
-2.3300000000001635;-1.452761873261676
-2.3200000000001637;-1.4683082255758393
-2.310000000000164;-1.48434094562763
-2.300000000000164;-1.5008794025593393
-2.2900000000001643;-1.5179440566092013
-2.2800000000001646;-1.535556535780585
-2.2700000000001648;-1.5537397190973208
-2.260000000000165;-1.5725178271139062
-2.250000000000165;-1.5919165204280918
-2.2400000000001654;-1.6119630070327415
-2.2300000000001656;-1.632686159445412
-2.220000000000166;-1.6541166426697476
-2.210000000000166;-1.6762870541747203
-2.2000000000001663;-1.6992320772285605
-2.1900000000001665;-1.722988649096931
-2.1800000000001667;-1.7475961458131273
-2.170000000000167;-1.773096585456148
-2.160000000000167;-1.7995348521352592
-2.1500000000001673;-1.8269589431834032
-2.1400000000001675;-1.8554202424135124
-2.1300000000001678;-1.884973822700034
-2.120000000000168;-1.9156787816232848
-2.110000000000168;-1.9475986144686945
-2.1000000000001684;-1.9808016295218958
-2.0900000000001686;-2.0153614113619422
-2.080000000000169;-2.05135733875076
-2.070000000000169;-2.0888751647743886
-2.0600000000001693;-2.1280076681434528
-2.0500000000001695;-2.1688553860473494
-2.0400000000001697;-2.2115274407289736
-2.03000000000017;-2.256142474066328
-2.02000000000017;-2.30283085259627
-2.0100000000001703;-2.3517312582267254
-2.0000000000001705;-2.4029990290904055
-1.9900000000001705;-2.4568030496290403
-1.9800000000001705;-2.5133287279253156
-1.9700000000001705;-2.5727800650915458
-1.9600000000001705;-2.635382043683233
-1.9500000000001705;-2.7013833940285386
-1.9400000000001705;-2.771059810125394
-1.9300000000001705;-2.844717702715825
-1.9200000000001705;-2.9226985972178396
-1.9100000000001705;-3.005384309591231
-1.9000000000001704;-3.0932030655526264
-1.8900000000001704;-3.186636770012145
-1.8800000000001704;-3.2862296871279093
-1.8700000000001704;-3.3925988609984703
-1.8600000000001704;-3.506446698303966
-1.8500000000001704;-3.628576254924578
-1.8400000000001704;-3.759909929641115
-1.8300000000001704;-3.9015124850270455
-1.8200000000001704;-4.054619611017176
-1.8100000000001704;-4.220673653148864
-1.8000000000001704;-4.401368693604026
-1.7900000000001703;-4.59870797175402
-1.7800000000001703;-4.815077773031708
-1.7700000000001703;-5.053343573086758
-1.7600000000001703;-5.316976671048812
-1.7500000000001703;-5.610223221462485
-1.7400000000001703;-5.938333205335616
-1.7300000000001703;-6.307875694831349
-1.7200000000001703;-6.727180896903026
-1.7100000000001703;-7.206972727970969
-1.7000000000001703;-7.761295145604103
-1.6900000000001703;-8.408904740207902
-1.6800000000001702;-9.175428461301927
-1.6700000000001702;-10.09682637195052
-1.6600000000001702;-11.225183514480868
-1.6500000000001702;-12.63888935013866
-1.6400000000001702;-14.461642834846398
-1.6300000000001702;-16.90071820307327
-1.6200000000001702;-20.331892864086928
-1.6100000000001702;-25.514354817510696
-1.6000000000001702;-34.247145201651705
-1.5900000000001702;-52.07659209987944
-1.5800000000001702;-108.65388645178204
-1.5700000000001701;1255.7560917965968
-1.5600000000001701;92.62584528362011
-1.5500000000001701;48.08886888418572
-1.5400000000001701;32.47653323829665
-1.5300000000001701;24.51880880438457
-1.52000000000017;19.694929897993834
-1.51000000000017;16.458498247784263
-1.50000000000017;14.136832240004875
-1.49000000000017;12.390276132337036
-1.48000000000017;11.028808357441438
-1.47000000000017;9.93781552180875
-1.46000000000017;9.044062320352538
-1.45000000000017;8.298564324402584
-1.44000000000017;7.667317509237299
-1.43000000000017;7.125986121425107
-1.42000000000017;6.656666971306004
-1.41000000000017;6.245932959210017
-1.40000000000017;5.883494138105577
-1.39000000000017;5.5613371768708895
-1.38000000000017;5.27312875002729
-1.37000000000017;5.013797201154302
-1.36000000000017;4.77923327978393
-1.35000000000017;4.566072201322512
-1.34000000000017;4.37153236486154
-1.33000000000017;4.193294258278014
-1.32000000000017;4.029408333891122
-1.31000000000017;3.8782240787125213
-1.30000000000017;3.7383348005450125
-1.29000000000017;3.6085342121034287
-1.28000000000017;3.4877819731533926
-1.2700000000001699;3.3751761059941923
-1.2600000000001699;3.2699307362147843
-1.2500000000001699;3.171357996709522
-1.2400000000001699;3.0788532139626805
-1.2300000000001698;2.9918827024187706
-1.2200000000001698;2.9099736465049513
-1.2100000000001698;2.832705665268729
-1.2000000000001698;2.759703741981668
-1.1900000000001698;2.690632267793599
-1.1800000000001698;2.6251899998868584
-1.1700000000001698;2.563105774410949
-1.1600000000001698;2.504134845582395
-1.1500000000001698;2.4480557467864426
-1.1400000000001698;2.394667588860616
-1.1300000000001698;2.3437877261341713
-1.1200000000001697;2.2952497331180535
-1.1100000000001697;2.248901644654214
-1.1000000000001697;2.204604420352102
-1.0900000000001697;2.1622306006580105
-1.0800000000001697;2.121663127225685
-1.0700000000001697;2.082794304622659
-1.0600000000001697;2.0455248840036324
-1.0500000000001697;2.009763252357478
-1.0400000000001697;1.9754247134051783
-1.0300000000001697;1.9424308482856438
-1.0200000000001697;1.910708945889363
-1.0100000000001697;1.8801914941464006
-1.0000000000001696;1.850815724793657
-0.9900000000001696;1.8225232051759885
-0.9800000000001696;1.7952594715085226
-0.9700000000001696;1.7689736987695814
-0.9600000000001696;1.7436184030262996
-0.9500000000001696;1.7191491725360057
-0.9400000000001696;1.6955244244302405
-0.9300000000001696;1.672705184186914
-0.9200000000001696;1.6506548854396426
-0.9100000000001696;1.6293391879700259
-0.9000000000001696;1.608725811985564
-0.8900000000001695;1.5887841701051808
-0.8800000000001695;1.569486124846726
-0.8700000000001695;1.5508044740409619
-0.8600000000001695;1.532713793803977
-0.8500000000001695;1.515190083988227
-0.8400000000001695;1.4982106710038083
-0.8300000000001695;1.481754118516683
-0.8200000000001695;1.4658001452896352
-0.8100000000001695;1.4503295495089732
-0.8000000000001695;1.4353241390081524
-0.7900000000001695;1.4207666668598626
-0.7800000000001694;1.4066407718615648
-0.7700000000001694;1.3929309234869274
-0.7600000000001694;1.3796223709178137
-0.7500000000001694;1.366701095809022
-0.7400000000001694;1.3541537684714793
-0.7300000000001694;1.3419677071895144
-0.7200000000001694;1.3301308404145629
-0.7100000000001694;1.3186316716016215
-0.7000000000001694;1.307459246476242
-0.6900000000001694;1.296603122539131
-0.6800000000001694;1.2860533406327663
-0.6700000000001693;1.2758003984100383
-0.6600000000001693;1.265835225558979
-0.6500000000001693;1.2561491606503434
-0.6400000000001693;1.2467339294862527
-0.6300000000001693;1.237581624838494
-0.6200000000001693;1.2286846874744262
-0.6100000000001693;1.2200358883769806
-0.6000000000001693;1.211628312072936
-0.5900000000001693;1.2034553409906712
-0.5800000000001693;1.1955106407749692
-0.5700000000001693;1.187788146492243
-0.5600000000001693;1.180282049664847
-0.5500000000001692;1.1729867860779457
-0.5400000000001692;1.1658970243068234
-0.5300000000001692;1.1590076549165256
-0.5200000000001692;1.1523137802894081
-0.5100000000001692;1.1458107050395259
-0.5000000000001692;1.1394939269758846
-0.4900000000001692;1.133359128579394
-0.4800000000001692;1.1274021689609657
-0.47000000000016917;1.1216190762705722
-0.46000000000016916;1.1160060405292773
-0.45000000000016915;1.1105594068582658
-0.44000000000016914;1.105275669080745
-0.43000000000016914;1.1001514987601764
-0.4200000000001691;1.0951835928566416
-0.4100000000001691;1.0903688987043072
-0.4000000000001691;1.0857044475087285
-0.3900000000001691;1.0811873920681616
-0.3800000000001691;1.076815002190958
-0.3700000000001691;1.0725846603583984
-0.3600000000001691;1.0684938576193646
-0.35000000000016906;1.0645401897041413
-0.34000000000016906;1.06072135334551
-0.33000000000016905;1.0570351427960751
-0.32000000000016904;1.0534794465315032
-0.31000000000016903;1.0500522441300395
-0.300000000000169;1.0467516033192987
-0.290000000000169;1.0435756771819256
-0.280000000000169;1.0405227015122664
-0.270000000000169;1.0375909923167208
-0.260000000000169;1.03477894345091
-0.250000000000169;1.0320850243872668
-0.24000000000016897;1.0295077781070572
-0.23000000000016896;1.027045819111256
-0.22000000000016895;1.0246978315450586
-0.21000000000016894;1.0224625674311645
-0.20000000000016893;1.0203388450072992
-0.19000000000016892;1.018325547163745
-0.1800000000001689;1.0164216199769436
-0.1700000000001689;1.0146260713355153
-0.1600000000001689;1.0129379696552891
-0.1500000000001689;1.0113564426801898
-0.14000000000016888;1.0098806763660695
-0.13000000000016887;1.0085099138447742
-0.12000000000016887;1.0072434502584713
-0.11000000000016888;1.0060806504239155
-0.10000000000016888;1.0050209169978521
-0.09000000000016889;1.0040637131792152
-0.0800000000001689;1.0032085552341619
-0.0700000000001689;1.0024550119064812
-0.0600000000001689;1.0018027038935582
-0.050000000000168895;1.001251303386715
-0.040000000000168894;1.0008005336748897
-0.03000000000016889;1.0004501688107768
-0.02000000000016889;1.000200033338671
-0.01000000000016889;1.0000500020834182
-1.6888920817414999E-13;NaN
0.009999999999831111;120.91702774798469
0.01999999999983111;73.00956083865792
0.029999999999831113;51.73888601383263
0.039999999999831115;39.389242651170555
0.04999999999983112;31.242763740653665
0.05999999999983112;25.449640216817752
0.06999999999983111;21.119667433018023
0.07999999999983111;17.766166765533413
0.0899999999998311;15.098699017888197
0.0999999999998311;12.932638131381632
0.1099999999998311;11.144247065196515
0.11999999999983109;9.647667849011768
0.12999999999983108;8.38102501842829
0.1399999999998311;7.298789605968196
0.1499999999998311;6.366616745688088
0.1599999999998311;5.558099562504358
0.16999999999983112;4.852596118237411
0.17999999999983113;4.2337356209653265
0.18999999999983114;3.688419173530318
0.19999999999983115;3.205875440117968
0.20999999999983116;2.777418392691342
0.21999999999983116;2.3957232415742338
0.22999999999983117;2.054791192751772
0.23999999999983118;1.7494663442368128
0.2499999999998312;1.4754881592992155
0.2599999999998312;1.229142757591576
0.2699999999998312;1.0072617089897005
0.2799999999998312;0.8071662518539457
0.2899999999998312;0.626478386922749
0.29999999999983123;0.46315142788044383
0.30999999999983124;0.31538753741587433
0.31999999999983125;0.18164034094229686
0.32999999999983126;0.060514684601573165
0.33999999999983127;-0.049209027137621764
0.3499999999998313;-0.14861173215267565
0.3599999999998313;-0.23865940119601925
0.3699999999998313;-0.320196838318731
0.3799999999998313;-0.3939971213445512
0.3899999999998313;-0.46074622992393355
0.3999999999998313;-0.5210603939399869
0.40999999999983133;-0.5754944280294487
0.41999999999983134;-0.6245515635607666
0.42999999999983135;-0.6686782002823253
0.43999999999983136;-0.7082880843880461
0.44999999999983137;-0.743753140559662
0.4599999999998314;-0.7754114860742565
0.4699999999998314;-0.803571008586967
0.4799999999998314;-0.828512507843675
0.4899999999998314;-0.8504924613925644
0.4999999999998314;-0.8697454651790344
0.5099999999998314;-0.886486998161235
0.5199999999998314;-0.900912698973548
0.5299999999998314;-0.9132044124417598
0.5399999999998314;-0.9235284754412018
0.5499999999998314;-0.9320379861778456
0.5599999999998314;-0.9388740089822131
0.5699999999998314;-0.9441666534842595
0.5799999999998314;-0.9480360429586181
0.5899999999998314;-0.950593184695505
0.5999999999998314;-0.951940753595261
0.6099999999998315;-0.9521737987611081
0.6199999999998315;-0.9513803816396131
0.6299999999998315;-0.9496421042585206
0.6399999999998315;-0.9470348259500184
0.6499999999998315;-0.9436288545811282
0.6599999999998315;-0.9394895546053109
0.6699999999998315;-0.9346777004601192
0.6799999999998315;-0.9292498329751542
0.6899999999998315;-0.923258584403807
0.6999999999998315;-0.9167529751866481
0.7099999999998315;-0.9097786852127614
0.7199999999998316;-0.9023783020448298
0.7299999999998316;-0.8945915483089975
0.7399999999998316;-0.8864554902168915
0.7499999999998316;-0.8780047289807323
0.7599999999998316;-0.869271576699742
0.7699999999998316;-0.8602862181341653
0.7799999999998316;-0.8510768596395369
0.7899999999998316;-0.8416698008323681
0.7999999999998316;-0.8320898428777691
0.8099999999998316;-0.8223599485348663
0.8199999999998316;-0.8125016820005763
0.8299999999998317;-0.802535217296601
0.8399999999998317;-0.7924794306526125
0.8499999999998317;-0.7823519860699873
0.8599999999998317;-0.7721694146278066
0.8699999999998317;-0.7619471880417804
0.8799999999998317;-0.7516997869407441
0.8899999999998317;-0.7414407642838748
0.8999999999998317;-0.731182804304319
0.9099999999998317;-0.7209377773310749
0.9199999999998317;-0.710716790810365
0.9299999999998317;-0.7005302368200395
0.9399999999998317;-0.6903878363454502
0.9499999999998318;-0.6802986805624965
0.9599999999998318;-0.6702712679943188
0.9699999999998318;-0.6603135469427391
0.9799999999998318;-0.6504329370197421
0.9899999999998318;-0.6406363711656309
0.9999999999998318;-0.630930320953557
1.0099999999998317;-0.6213208242188614
1.0199999999998317;-0.6118135109104398
1.0299999999998317;-0.6024136272880972
1.0399999999998317;-0.5931260585805826
1.0499999999998317;-0.5839553502104394
1.0599999999998317;-0.5749057196959703
1.0699999999998318;-0.5659810984662254
1.0799999999998318;-0.5571851215791584
1.0899999999998318;-0.5485211595127202
1.0999999999998318;-0.5399923302588959
1.1099999999998318;-0.53160151379375
1.1199999999998318;-0.5233513656817557
1.1299999999998318;-0.5152443298710792
1.1399999999998318;-0.5072826507323906
1.1499999999998318;-0.4994683843900036
1.1599999999998318;-0.49180340939066813
1.1699999999998318;-0.484289436752145
1.1799999999998319;-0.4769280194307317
1.1899999999998319;-0.4697205612441892
1.1999999999998319;-0.4626683252840012
1.2099999999998319;-0.45577244184857024
1.2199999999998319;-0.4490339159268105
1.229999999999832;-0.44245363425960327
1.239999999999832;-0.43603237200474165
1.249999999999832;-0.4297707990292863
1.259999999999832;-0.42366948585167485
1.269999999999832;-0.41772890925445616
1.279999999999832;-0.411949369788567
1.289999999999832;-0.40633132917859766
1.299999999999832;-0.4008749418211583
1.309999999999832;-0.39558035953070847
1.319999999999832;-0.39044766416450677
1.329999999999832;-0.38547687163372163
1.339999999999832;-0.38066793569866003
1.349999999999832;-0.3760207515604278
1.359999999999832;-0.3715351592605739
1.369999999999832;-0.3672109468995587
1.379999999999832;-0.36304785368422177
1.389999999999832;-0.359045572813801
1.399999999999832;-0.35520375421347716
1.409999999999832;-0.3515220071238798
1.419999999999832;-0.34799990255448054
1.429999999999832;-0.3446369756083295
1.439999999999832;-0.34143272768515043
1.449999999999832;-0.33838662856939283
1.459999999999832;-0.33549811840945715
1.469999999999832;-0.33276660959394394
1.4799999999998321;-0.330191488530439
1.4899999999998321;-0.32777211733203226
1.4999999999998321;-0.3255078354164636
1.5099999999998321;-0.32339796102251783
1.5199999999998322;-0.32144179264802153
1.5299999999998322;-0.31963861041355357
1.5399999999998322;-0.3179876773557485
1.5499999999998322;-0.3164882406538556
1.5599999999998322;-0.3151395327930117
1.5699999999998322;-0.3139407726674987
1.5799999999998322;-0.31289116662706845
1.5899999999998322;-0.31198990946926086
1.5999999999998322;-0.3112361853804687
1.6099999999998322;-0.31062912908089296
1.6199999999998322;-0.31016799286270513
1.6299999999998322;-0.3098518897042445
1.6399999999998323;-0.309679970202729
1.6499999999998323;-0.3096513784061221
1.6599999999998323;-0.3097652524992101
1.6699999999998323;-0.3100207254540572
1.6799999999998323;-0.31041692564661333
1.6899999999998323;-0.31095297744115924
1.6999999999998323;-0.311628001744183
1.7099999999998323;-0.31244111652919865
1.7199999999998323;-0.3133914373339429
1.7299999999998323;-0.31447807773130837
1.7399999999998323;-0.31570014977529987
1.7499999999998324;-0.31705676442324515
1.7599999999998324;-0.3185470319354119
1.7699999999998324;-0.3201700622531404
1.7799999999998324;-0.32192496535653564
1.7899999999998324;-0.32381085160271095
1.7999999999998324;-0.32582683204553087
1.8099999999998324;-0.3279720187377453
1.8199999999998324;-0.3302455250163697
1.8299999999998324;-0.3326464657721214
1.8399999999998324;-0.33517395770367686
1.8499999999998324;-0.3378271195574871
1.8599999999998325;-0.34060507235384296
1.8699999999998325;-0.3435069395998509
1.8799999999998325;-0.3465318474899534
1.8899999999998325;-0.34967892509458465
1.8999999999998325;-0.352947304537538
1.9099999999998325;-0.35633612116258284
1.9199999999998325;-0.35984451368984616
1.9299999999998325;-0.3634716243624529
1.9399999999998325;-0.36721659908388976
1.9499999999998325;-0.37107858754653544
1.9599999999998325;-0.3750567433517872
1.9699999999998326;-0.37915022412218025
1.9799999999998326;-0.3833581916058892
1.9899999999998326;-0.38768064238019756
1.9999999999998326;-0.39211517672737684
2.0099999999998324;-0.396661716892087
2.019999999999832;-0.4013194426056137
2.029999999999832;-0.40608753817486726
2.0399999999998317;-0.41096519254918196
2.0499999999998315;-0.4159515993817205
2.0599999999998313;-0.4210459570857548
2.069999999999831;-0.42624746888606185
2.079999999999831;-0.43155534286568287
2.0899999999998307;-0.4369687920082586
2.0999999999998304;-0.4424870342361707
2.1099999999998302;-0.4481092924446818
2.11999999999983;-0.4538347945322818
2.12999999999983;-0.45966277342741785
2.1399999999998296;-0.46559246711179375
2.1499999999998294;-0.4716231186404052
2.159999999999829;-0.47775397615847476
2.169999999999829;-0.48398429291544254
2.1799999999998287;-0.49031332727616
2.1899999999998285;-0.49674034272942164
2.1999999999998283;-0.5032646078939873
2.209999999999828;-0.5098853965222002
2.219999999999828;-0.5166019875013435
2.2299999999998277;-0.5234136648528389
2.2399999999998275;-0.5303197177294101
2.2499999999998272;-0.5373194404103072
2.259999999999827;-0.5444121322947044
2.269999999999827;-0.5515970978933598
2.2799999999998266;-0.558873646818637
2.2899999999998264;-0.5662410937729703
2.299999999999826;-0.5736987585358672
2.309999999999826;-0.5812459659495197
2.3199999999998258;-0.5888820459031086
2.3299999999998255;-0.5966063333158691
2.3399999999998253;-0.6044181681189962
2.349999999999825;-0.6123168952364465
2.359999999999825;-0.6203018645647081
2.3699999999998247;-0.6283724309515977
2.3799999999998245;-0.6365279541741454
2.3899999999998243;-0.6447706187019995
2.399999999999824;-0.6530943562427781
2.409999999999824;-0.6615011713225929
2.4199999999998236;-0.6699904437676949
2.4299999999998234;-0.6785615582306104
2.439999999999823;-0.6872139041639874
2.449999999999823;-0.6959468757938753
2.4599999999998228;-0.7047598720924629
2.4699999999998226;-0.7136522967503282
2.4799999999998223;-0.7226235581482162
2.489999999999822;-0.7316730693284051
2.499999999999822;-0.7408002479656731
2.5099999999998217;-0.7500045163379012
2.5199999999998215;-0.7592853012963553
2.5299999999998213;-0.768642034235661
2.539999999999821;-0.7780741510635059
2.549999999999821;-0.7875810921700895
2.5599999999998206;-0.7971623023973643
2.5699999999998204;-0.8068172310080578
2.57999999999982;-0.8165453316545355
2.58999999999982;-0.8263460623474989
2.59999999999982;-0.8362188854245539
2.6099999999998196;-0.846163267518661
2.6199999999998194;-0.8561786795264917
2.629999999999819;-0.866264596576707
2.639999999999819;-0.8764204979981691
2.6499999999998187;-0.8866458672881188
2.6599999999998185;-0.8969401920803022
2.6699999999998183;-0.907302964113108
2.679999999999818;-0.917733679197678
2.689999999999818;-0.9282318371860464
2.6999999999998177;-0.9387969419392866
2.7099999999998174;-0.9494285012957098
2.7199999999998172;-0.9601260270390963
2.729999999999817;-0.9708890348669896
2.739999999999817;-0.9817170443590568
2.7499999999998166;-0.9926095789455196
2.7599999999998164;-1.0035661658756858
2.769999999999816;-1.0145863361865541
2.779999999999816;-1.0256696246715373
2.7899999999998157;-1.036815569849284
2.7999999999998155;-1.0480237139326278
2.8099999999998153;-1.0592936027976454
2.819999999999815;-1.0706311066557475
2.829999999999815;-1.0820234735132428
2.8399999999998147;-1.0934762593689984
2.8499999999998145;-1.1049890249676713
2.8599999999998142;-1.1165613345774674
2.869999999999814;-1.128192755960229
2.879999999999814;-1.1398828603416784
2.8899999999998136;-1.151631222381825
2.8999999999998134;-1.163437420145541
2.909999999999813;-1.175301035073307
2.919999999999813;-1.187221651952128
2.9299999999998128;-1.1991988588866347
2.9399999999998125;-1.2112322472703576
2.9499999999998123;-1.2233214117571813
2.959999999999812;-1.2354659502329963
2.969999999999812;-1.2476654637875195
2.9799999999998117;-1.259919556686321
2.9899999999998115;-1.272227836343029
2.9999999999998113;-1.284589913291737
3.009999999999811;-1.2970054011595957
3.019999999999811;-1.3094739166396132
3.0299999999998106;-1.321995079463634
3.0399999999998104;-1.3345685123755247
3.04999999999981;-1.3471938411045778
3.05999999999981;-1.3598706943390713
3.0699999999998098;-1.3725987037000764
3.0799999999998096;-1.385377503715423
3.0899999999998093;-1.3982067317939002
3.099999999999809;-1.411086028199643
3.109999999999809;-1.4240150360267148
3.1199999999998087;-1.436993401173913
3.1299999999998085;-1.45002077231975
3.1399999999998083;-1.4630968008976604
3.149999999999808;-1.4762211410713917
3.159999999999808;-1.4893934497106112
3.1699999999998076;-1.5026133863666995
3.1799999999998074;-1.515880613248766
3.189999999999807;-1.529194795199844
3.199999999999807;-1.5425555996732925
3.209999999999807;-1.5559626967094096
3.2199999999998066;-1.5694157589122328
3.2299999999998064;-1.582914461426534
3.239999999999806;-1.59645848191504
3.249999999999806;-1.610047500535801
3.2599999999998057;-1.6236811999198166
3.2699999999998055;-1.6373706686564502
3.2799999999998053;-1.6510932670354546
3.289999999999805;-1.664859625455831
3.299999999999805;-1.6786694366786719
3.3099999999998047;-1.6925223958375346
3.3199999999998044;-1.706418200417258
3.3299999999998042;-1.7203565502329754
3.339999999999804;-1.7343371474093199
3.349999999999804;-1.7483596963598176
3.3599999999998036;-1.7624239037664484
3.3699999999998034;-1.7765294785594299
3.379999999999803;-1.7906761318971358
3.389999999999803;-1.8048635771462398
3.3999999999998027;-1.819091529862018
3.4099999999998025;-1.8333597077688308
3.4199999999998023;-1.8476678307407963
3.429999999999802;-1.8620156207826317
3.439999999999802;-1.876402802010675
3.4499999999998017;-1.890829100634075
3.4599999999998015;-1.9052942449361685
3.4699999999998012;-1.9197979652560189
3.479999999999801;-1.9343399939701258
3.489999999999801;-1.9489200654743135
3.4999999999998006;-1.963537916165781
3.5099999999998004;-1.978193284425314
3.5199999999998;-1.9928859105996917
3.5299999999998;-2.0076155369842086
3.5399999999997998;-2.0223819078054084
3.5499999999997995;-2.0371847692039573
3.5599999999997993;-2.0520238692176678
3.569999999999799;-2.066898957764713
3.579999999999799;-2.081809786626966
3.5899999999997987;-2.0967561094335254
3.5999999999997985;-2.1117376816443674
3.6099999999997983;-2.12675426053418
3.619999999999798;-2.1418056051763275
3.629999999999798;-2.1568914764269866
3.6399999999997976;-2.1720116369094082
3.6499999999997974;-2.1871658509983565
3.659999999999797;-2.2023538848046744
3.669999999999797;-2.2175755061600144
3.6799999999997968;-2.2328304846016813
3.6899999999997966;-2.2481185913576534
3.6999999999997963;-2.2634395993317504
3.709999999999796;-2.278793283088884
3.719999999999796;-2.294196492957419
3.7299999999997957;-2.30961545403819
3.7399999999997955;-2.3250664416090516
3.7499999999997953;-2.3405492371202703
3.759999999999795;-2.356063623617567
3.769999999999795;-2.3716093857282736
3.7799999999997946;-2.3871863096476034
3.7899999999997944;-2.4027941831250677
3.799999999999794;-2.4184327954510003
3.809999999999794;-2.434101937443228
3.819999999999794;-2.4498014014338683
3.8299999999997936;-2.46553098125624
3.8399999999997934;-2.48129047223191
3.849999999999793;-2.4970796711578584
3.859999999999793;-2.512898376293769
3.8699999999997927;-2.5287463873494254
3.8799999999997925;-2.5446235054722655
3.8899999999997923;-2.5605295332350027
3.899999999999792;-2.5764642746234054
3.909999999999792;-2.5924275350241737
3.9199999999997917;-2.608419121212947
3.9299999999997914;-2.624438841342392
3.9399999999997912;-2.640486504930446
3.949999999999791;-2.65656192284865
3.959999999999791;-2.672664907310592
3.9699999999997906;-2.6887952718604593
3.9799999999997904;-2.704952831361708
3.98999999999979;-2.7211374019858425
3.99999999999979;-2.737348801201282
4.00999999999979;-2.7535868477623557
4.01999999999979;-2.7698513616983806
4.02999999999979;-2.786142164302861
4.0399999999997895;-2.80245907812279
4.049999999999789;-2.8188019269480358
4.059999999999789;-2.8351705358008363
4.069999999999789;-2.8515647309254035
4.079999999999789;-2.8679843397776175
4.0899999999997885;-2.884429191014809
4.099999999999788;-2.900899114485658
4.109999999999788;-2.9173939412201717
4.119999999999788;-2.933913503419763
4.129999999999788;-2.950457634447414
4.139999999999787;-2.9670261688179806
4.149999999999787;-2.9836189421884747
4.159999999999787;-3.0002357913485915
4.169999999999787;-3.0168765542111786
4.1799999999997866;-3.0335410698029204
4.189999999999786;-3.050253436204497
4.199999999999786;-3.0669656946988697
4.209999999999786;-3.0837012470115672
4.219999999999786;-3.1004599368585897
4.2299999999997855;-3.117241609028202
4.239999999999785;-3.1340461093720604
4.249999999999785;-3.1508732847964875
4.259999999999785;-3.167722983253765
4.269999999999785;-3.184595053733527
4.279999999999784;-3.201489346254283
4.289999999999784;-3.21840571185494
4.299999999999784;-3.235344002586447
4.309999999999784;-3.2523040715035374
4.319999999999784;-3.2692857726564926
4.329999999999783;-3.2862889610830295
4.339999999999783;-3.303313492800237
4.349999999999783;-3.3203592247966043
4.359999999999783;-3.3374260150240946
4.3699999999997825;-3.354513722390357
4.379999999999782;-3.371622206750909
4.389999999999782;-3.388751328901487
4.399999999999782;-3.4059009505704188
4.409999999999782;-3.423070934411059
4.419999999999781;-3.44026114399433
4.429999999999781;-3.457471443801312
4.439999999999781;-3.474701699215889
4.449999999999781;-3.4919517765174892
4.459999999999781;-3.5092215428738545
4.46999999999978;-3.526510866333934
4.47999999999978;-3.5438196158207775
4.48999999999978;-3.561147661124526
4.49999999999978;-3.578494872895482
4.5099999999997795;-3.595861122637227
4.519999999999779;-3.6132462826997784
4.529999999999779;-3.6306502262728455
4.539999999999779;-3.6480728273791314
4.549999999999779;-3.665513960867696
4.5599999999997785;-3.6829735024073824
4.569999999999778;-3.70045132848029
4.579999999999778;-3.7179473163753283
4.589999999999778;-3.7354613441818176
4.599999999999778;-3.7529932907831514
4.609999999999777;-3.770543035850493
4.619999999999777;-3.7881104598365782
4.629999999999777;-3.8056954439695256
4.639999999999777;-3.8232978702467317
4.6499999999997765;-3.8409176214287952
4.659999999999776;-3.8585861776516013
4.669999999999776;-3.87624103843029
4.679999999999776;-3.893912893907024
4.689999999999776;-3.9116016301084837
4.6999999999997755;-3.929307133797904
4.709999999999775;-3.94702929246931
4.719999999999775;-3.9647679943418614
4.729999999999775;-3.9825231283541975
4.739999999999775;-4.000294584158874
4.749999999999774;-4.018082252116836
4.759999999999774;-4.0358860232919085
4.769999999999774;-4.05370578944538
4.779999999999774;-4.071541443030644
4.7899999999997736;-4.089392877187796
4.799999999999773;-4.1072599857384
4.809999999999773;-4.125142663180233
4.819999999999773;-4.1430408046820695
4.829999999999773;-4.160954306078535
4.8399999999997725;-4.178883063865027
4.849999999999772;-4.196826975192613
4.859999999999772;-4.214785937863031
4.869999999999772;-4.23275985032374
4.879999999999772;-4.250748611662943
4.889999999999771;-4.268752121604756
4.899999999999771;-4.28677028050431
4.909999999999771;-4.304802989343
4.919999999999771;-4.322850149723694
4.929999999999771;-4.340911663866024
4.93999999999977;-4.35898743460171
4.94999999999977;-4.377077365369942
4.95999999999977;-4.395181360212755
4.96999999999977;-4.413299323770482
4.9799999999997695;-4.431431161277274
4.989999999999769;-4.44957677855656
4.999999999999769;-4.467736082016671
5.009999999999769;-4.485908978646399
5.019999999999769;-4.504095376010663
5.029999999999768;-4.522295182246154
5.039999999999768;-4.540508306057096
5.049999999999768;-4.55873465671095
5.059999999999768;-4.57697414403423
5.069999999999768;-4.595226678408316
5.079999999999767;-4.613492170765307
5.089999999999767;-4.63177053258394
5.099999999999767;-4.650061675885487
5.109999999999767;-4.668365513229763
5.1199999999997665;-4.68668195771107
5.129999999999766;-4.705010922954285
5.139999999999766;-4.723391993499787
5.149999999999766;-4.741746635636291
5.159999999999766;-4.760113558984121
5.1699999999997654;-4.7784926794807
5.179999999999765;-4.796883913576686
5.189999999999765;-4.815287178232214
5.199999999999765;-4.83370239091315
5.209999999999765;-4.852129469587388
5.219999999999764;-4.870568332721189
5.229999999999764;-4.889018899275562
5.239999999999764;-4.907481088702591
5.249999999999764;-4.9259548209419295
5.2599999999997635;-4.944440016417211
5.269999999999763;-4.962936596032527
5.279999999999763;-4.981444481168976
5.289999999999763;-4.999963593681166
5.299999999999763;-5.018493855893786
5.3099999999997625;-5.0370351905982265
5.319999999999762;-5.055587521049185
5.329999999999762;-5.07415077096133
5.339999999999762;-5.092724864505989
5.349999999999762;-5.111309726307819
5.359999999999761;-5.129905281441619
5.369999999999761;-5.148511455429014
5.379999999999761;-5.167128174235279
5.389999999999761;-5.185755364266198
5.3999999999997605;-5.204392952364827
5.40999999999976;-5.223040865808405
5.41999999999976;-5.241699032305264
5.42999999999976;-5.260367379991747
5.43999999999976;-5.27904583742911
5.4499999999997595;-5.297734333600545
5.459999999999759;-5.316432797908149
5.469999999999759;-5.335141160169966
5.479999999999759;-5.3538593506170065
5.489999999999759;-5.372587299890325
5.499999999999758;-5.39132493903814
5.509999999999758;-5.410072199512905
5.519999999999758;-5.428829013168494
5.529999999999758;-5.447595312257342
5.539999999999758;-5.466371029427631
5.549999999999757;-5.485156097720502
5.559999999999757;-5.503950450567286
5.569999999999757;-5.522754021786792
5.579999999999757;-5.541566745582525
5.5899999999997565;-5.56038855654004
5.599999999999756;-5.5792193896242335
5.609999999999756;-5.598059180176676
5.619999999999756;-5.616907863913027
5.629999999999756;-5.6358138634706805
5.639999999999755;-5.654681111720519
5.649999999999755;-5.673557078331886
5.659999999999755;-5.692441700684822
5.669999999999755;-5.711334916522025
5.679999999999755;-5.730236663946336
5.689999999999754;-5.749146881418255
5.699999999999754;-5.768065507753491
5.709999999999754;-5.786992482120462
5.719999999999754;-5.805927744037909
5.7299999999997535;-5.824871233372466
5.739999999999753;-5.843822890336273
5.749999999999753;-5.8627826554845965
5.759999999999753;-5.881750469713479
5.769999999999753;-5.900726274257413
5.7799999999997524;-5.9197100106869875
5.789999999999752;-5.938701620906652
5.799999999999752;-5.957701047152359
5.809999999999752;-5.976708231989367
5.819999999999752;-5.995723118309957
5.829999999999751;-6.0147456493312275
5.839999999999751;-6.033775768592847
5.849999999999751;-6.05281341995492
5.859999999999751;-6.071858547595739
5.8699999999997505;-6.090911096009717
5.87999999999975;-6.109971010005143
5.88999999999975;-6.129038234702135
5.89999999999975;-6.148112715530486
5.90999999999975;-6.167194398227625
5.9199999999997495;-6.186283228836476
5.929999999999749;-6.205379153703436
5.939999999999749;-6.224482119476329
5.949999999999749;-6.243592073102351
5.959999999999749;-6.262708961826123
5.969999999999748;-6.281832733187615
5.979999999999748;-6.300963335020231
5.989999999999748;-6.320100715448781
5.999999999999748;-6.339244822887592
6.0099999999997475;-6.358395606038522
6.019999999999747;-6.377553013889092
6.029999999999747;-6.396716995710513
6.039999999999747;-6.415887501055854
6.049999999999747;-6.435064479758143
6.0599999999997465;-6.454247881928488
6.069999999999746;-6.473437657954279
6.079999999999746;-6.492633758497267
6.089999999999746;-6.511836134491853
6.099999999999746;-6.531044737143191
6.109999999999745;-6.550259517925439
6.119999999999745;-6.569537468515963
6.129999999999745;-6.588765487361366
6.139999999999745;-6.607999555372702
6.149999999999745;-6.627239625246773
6.159999999999744;-6.646485649941717
6.169999999999744;-6.665737582675261
6.179999999999744;-6.684995376923038
6.189999999999744;-6.704258986416921
6.1999999999997435;-6.723528365143307
6.209999999999743;-6.742803467341535
6.219999999999743;-6.762084247502116
6.229999999999743;-6.781370660365231
6.239999999999743;-6.800662660918997
6.249999999999742;-6.81996020439793
6.259999999999742;-6.839263246281284
6.269999999999742;-6.858571742291531
6.279999999999742;-6.877885648392732
6.289999999999742;-6.897204920789
6.299999999999741;-6.9165295159229245
6.309999999999741;-6.9358593904740715
6.319999999999741;-6.95519450135739
6.329999999999741;-6.974534805721758
6.3399999999997405;-6.993880260948443
6.34999999999974;-7.013230824649625
6.35999999999974;-7.032586454666876
6.36999999999974;-7.051947109069726
6.37999999999974;-7.071312746154192
6.389999999999739;-7.090683324441307
6.399999999999739;-7.110058802675675
6.409999999999739;-7.129439139824109
6.419999999999739;-7.148824295074098
6.429999999999739;-7.1682142278324825
6.439999999999738;-7.18760889772406
6.449999999999738;-7.207008264590117
6.459999999999738;-7.226412288487115
6.469999999999738;-7.245820929685337
6.4799999999997375;-7.265234148667454
6.489999999999737;-7.28465190612727
6.499999999999737;-7.304074162968274
6.509999999999737;-7.323500880302427
6.519999999999737;-7.342932019448755
6.5299999999997365;-7.362367541932073
6.539999999999736;-7.381807409481683
6.549999999999736;-7.401251584030092
6.559999999999736;-7.420700027711716
6.569999999999736;-7.440152702861596
6.579999999999735;-7.459609572014175
6.589999999999735;-7.479070597902009
6.599999999999735;-7.49853574345453
6.609999999999735;-7.518004971796813
6.6199999999997345;-7.537544510602443
6.629999999999734;-7.557022874968419
6.639999999999734;-7.576505226939018
6.649999999999734;-7.595991530549937
6.659999999999734;-7.61548175002727
6.6699999999997335;-7.634975849786339
6.679999999999733;-7.654473794430511
6.689999999999733;-7.673975548750043
6.699999999999733;-7.693481077720917
6.709999999999733;-7.712990346503682
6.719999999999732;-7.732503320442304
6.729999999999732;-7.75201996506308
6.739999999999732;-7.771540246073442
6.749999999999732;-7.791064129360895
6.759999999999732;-7.810591580991899
6.769999999999731;-7.830122567210718
6.779999999999731;-7.84965705443839
6.789999999999731;-7.869195009271586
6.799999999999731;-7.888736398481594
6.8099999999997305;-7.90828118901318
6.81999999999973;-7.9278293479835655
6.82999999999973;-7.9473808426813575
6.83999999999973;-7.966935640565497
6.84999999999973;-7.986493709264243
6.859999999999729;-8.006055016574082
6.869999999999729;-8.025619530458755
6.879999999999729;-8.045187219048234
6.889999999999729;-8.064758050637675
6.899999999999729;-8.084331993686414
6.909999999999728;-8.103909016817006
6.919999999999728;-8.123489088814226
6.929999999999728;-8.143072178624035
6.939999999999728;-8.162658255352671
6.9499999999997275;-8.182247288265629
6.959999999999727;-8.201839246786687
6.969999999999727;-8.221434100497014
6.979999999999727;-8.24103181913417
6.989999999999727;-8.260632372591113
6.999999999999726;-8.28023573091541
7.009999999999726;-8.299841864308144
7.019999999999726;-8.319450743123063
7.029999999999726;-8.339062337865675
7.039999999999726;-8.3586766191923
7.049999999999725;-8.378293557909206
7.059999999999725;-8.397913124971641
7.069999999999725;-8.417535291483018
7.079999999999725;-8.43716002869396
7.0899999999997245;-8.45678730800146
7.099999999999724;-8.476417100948002
7.109999999999724;-8.496049379220679
7.119999999999724;-8.515759198816781
7.129999999999724;-8.535397482142226
7.1399999999997235;-8.555038180191765
7.149999999999723;-8.57468126534231
7.159999999999723;-8.594326710111737
7.169999999999723;-8.613974487158055
7.179999999999723;-8.633624569278611
7.189999999999722;-8.653276929409204
7.199999999999722;-8.672931540623315
7.209999999999722;-8.692588376131258
7.219999999999722;-8.712247409279424
7.2299999999997215;-8.731908613549418
7.239999999999721;-8.751571962557302
7.249999999999721;-8.771237430052814
7.259999999999721;-8.790904989918527
7.269999999999721;-8.810574616169141
7.2799999999997205;-8.830246282950638
7.28999999999972;-8.849919964539568
7.29999999999972;-8.869595635342272
7.30999999999972;-8.889273269894069
7.31999999999972;-8.90895284285859
7.329999999999719;-8.928634329026966
7.339999999999719;-8.9483177033171
7.349999999999719;-8.968002940772916
7.359999999999719;-8.987690016563675
7.3699999999997186;-9.007378905983153
7.379999999999718;-9.027069584449016
7.389999999999718;-9.046762027502027
7.399999999999718;-9.06645621080537
7.409999999999718;-9.086152110143939
7.4199999999997175;-9.10584970142357
7.429999999999717;-9.12554896067045
7.439999999999717;-9.145249864030333
7.449999999999717;-9.164952387767876
7.459999999999717;-9.18465650826595
7.469999999999716;-9.204362202024951
7.479999999999716;-9.224069445662154
7.489999999999716;-9.243778215911002
7.499999999999716;-9.26348848962041
7.509999999999716;-9.283200243754216
7.519999999999715;-9.302913455390348
7.529999999999715;-9.322628101720369
7.539999999999715;-9.342344160048626
7.549999999999715;-9.362061607791743
7.5599999999997145;-9.381780422477895
7.569999999999714;-9.40150058174623
7.579999999999714;-9.421222063346232
7.589999999999714;-9.440944845136983
7.599999999999714;-9.460668905086706
7.609999999999713;-9.480394221271972
7.619999999999713;-9.500120771877224
7.629999999999713;-9.51993310786135
7.639999999999713;-9.539663219390352
7.649999999999713;-9.559394513298002
7.659999999999712;-9.579126968297263
7.669999999999712;-9.59886056320639
7.679999999999712;-9.618595276948223
7.689999999999712;-9.63833108854974
7.6999999999997115;-9.65806797714135
7.709999999999711;-9.677805921956327
7.719999999999711;-9.69754490233033
7.729999999999711;-9.717284897700676
7.739999999999711;-9.73702588760592
7.7499999999997105;-9.756767851685128
7.75999999999971;-9.776510769677472
7.76999999999971;-9.79625462142149
7.77999999999971;-9.815999386854712
7.78999999999971;-9.835745046013006
7.799999999999709;-9.85549157902998
7.809999999999709;-9.875238966136559
7.819999999999709;-9.894987187660352
7.829999999999709;-9.914736224025114
7.8399999999997085;-9.934486055750279
7.849999999999708;-9.954236663450278
7.859999999999708;-9.973988027834217
7.869999999999708;-9.993740129705188
7.879999999999708;-10.013492949959783
7.8899999999997075;-10.033246469587583
7.899999999999707;-10.053000669670682
7.909999999999707;-10.072755531383109
7.919999999999707;-10.092511035990341
7.929999999999707;-10.112267164848797
7.939999999999706;-10.132023899405322
7.949999999999706;-10.151781221196725
7.959999999999706;-10.171539111849192
7.969999999999706;-10.191297553077952
7.9799999999997056;-10.211056526686598
7.989999999999705;-10.230816014566717
7.999999999999705;-10.250575998697327
8.009999999999705;-10.270336461144556
8.019999999999705;-10.290097384060882
8.029999999999704;-10.30985874968501
8.039999999999704;-10.329620540340969
8.049999999999704;-10.349382738438106
8.059999999999704;-10.369145326470274
8.069999999999704;-10.388908287015532
8.079999999999703;-10.408671602735584
8.089999999999703;-10.4284352563754
8.099999999999703;-10.448199230762743
8.109999999999703;-10.467963508807685
8.119999999999703;-10.487728073502195
8.129999999999702;-10.50749290791964
8.139999999999702;-10.527351587437835
8.149999999999702;-10.547118094347928
8.159999999999702;-10.566884832722318
8.169999999999702;-10.586651786045124
8.179999999999701;-10.606418937880091
8.189999999999701;-10.626186271870047
8.1999999999997;-10.645953771736654
8.2099999999997;-10.665721421279834
8.2199999999997;-10.685489204377426
8.2299999999997;-10.705257104984678
8.2399999999997;-10.725025107134005
8.2499999999997;-10.744793194934285
8.2599999999997;-10.764561352570759
8.2699999999997;-10.784329564304425
8.2799999999997;-10.804097814471636
8.289999999999699;-10.82386608748383
8.299999999999699;-10.843634367826944
8.309999999999699;-10.863402640061134
8.319999999999698;-10.883170888820338
8.329999999999698;-10.902939098811945
8.339999999999698;-10.922707254816196
8.349999999999698;-10.942475341686118
8.359999999999697;-10.962243344346822
8.369999999999697;-10.982011247795281
8.379999999999697;-11.001779037099933
8.389999999999697;-11.021546697400266
8.399999999999697;-11.041314213906466
8.409999999999696;-11.061081571898978
8.419999999999696;-11.080848756728244
8.429999999999696;-11.100615753814171
8.439999999999696;-11.12038254864592
8.449999999999696;-11.140149126781473
8.459999999999695;-11.1599154738472
8.469999999999695;-11.179681575537629
8.479999999999695;-11.199447417614962
8.489999999999695;-11.219212985908754
8.499999999999694;-11.238978266315627
8.509999999999694;-11.258743244798781
8.519999999999694;-11.27850790738775
8.529999999999694;-11.298272240178031
8.539999999999694;-11.318036229330676
8.549999999999693;-11.337799861072021
8.559999999999693;-11.357563121693232
8.569999999999693;-11.377325997550148
8.579999999999693;-11.397088475062699
8.589999999999693;-11.416850540714837
8.599999999999692;-11.436612181053963
8.609999999999692;-11.45637338269066
8.619999999999692;-11.476134132298451
8.629999999999692;-11.495894416613424
8.639999999999691;-11.515654222433794
8.649999999999691;-11.53551564084122
8.659999999999691;-11.555275650358208
8.66999999999969;-11.57503515346404
8.67999999999969;-11.59479413728013
8.68999999999969;-11.614552588988932
8.69999999999969;-11.63431049583329
8.70999999999969;-11.65406784511641
8.71999999999969;-11.67382462420142
8.72999999999969;-11.693580820511071
8.73999999999969;-11.713336421527446
8.74999999999969;-11.733091414791605
8.759999999999689;-11.752845787903288
8.769999999999689;-11.772599528520725
8.779999999999688;-11.792352624360154
8.789999999999688;-11.812105063195611
8.799999999999688;-11.831856832858673
8.809999999999688;-11.851607921238065
8.819999999999688;-11.871358316279425
8.829999999999687;-11.891108005984973
8.839999999999687;-11.910856978413243
8.849999999999687;-11.930605221678821
8.859999999999687;-11.950352723951992
8.869999999999687;-11.970099473458497
8.879999999999686;-11.98984545847915
8.889999999999686;-12.009590667349816
8.899999999999686;-12.029335088460737
8.909999999999686;-12.049078710256591
8.919999999999686;-12.068821521236059
8.929999999999685;-12.08856350995153
8.939999999999685;-12.108304665008873
8.949999999999685;-12.128044975067201
8.959999999999685;-12.147784428838477
8.969999999999684;-12.16752301508739
8.979999999999684;-12.187260722630946
8.989999999999684;-12.206997540338278
8.999999999999684;-12.226733457130418
9.009999999999684;-12.246468461979891
9.019999999999683;-12.266202543910605
9.029999999999683;-12.285935691997448
9.039999999999683;-12.305667895366195
9.049999999999683;-12.325399143193074
9.059999999999683;-12.345129424704622
9.069999999999682;-12.364858729177408
9.079999999999682;-12.38458704593771
9.089999999999682;-12.404314364361342
9.099999999999682;-12.424040673873414
9.109999999999681;-12.44376596394797
9.119999999999681;-12.463490224107847
9.129999999999681;-12.48321344392441
9.13999999999968;-12.502935613017275
9.14999999999968;-12.522656721053997
9.15999999999968;-12.542376757750043
9.16999999999968;-12.562207014650529
9.17999999999968;-12.581926097140773
9.18999999999968;-12.601644088412401
9.19999999999968;-12.621360978437275
9.20999999999968;-12.641076757234126
9.21999999999968;-12.660791414868259
9.229999999999679;-12.680504941451197
9.239999999999679;-12.70021732714071
9.249999999999678;-12.719928562140328
9.259999999999678;-12.739638636699269
9.269999999999678;-12.759347541112188
9.279999999999678;-12.77905526571882
9.289999999999678;-12.798761800903943
9.299999999999677;-12.818467137097091
9.309999999999677;-12.83817126477221
9.319999999999677;-12.857874174447563
9.329999999999677;-12.877575856685507
9.339999999999677;-12.897276302092136
9.349999999999676;-12.916975501317328
9.359999999999676;-12.936673445054243
9.369999999999676;-12.956370124039218
9.379999999999676;-12.976065529051645
9.389999999999675;-12.995759650913566
9.399999999999675;-13.015452480489685
9.409999999999675;-13.035144008686881
9.419999999999675;-13.054834226454307
9.429999999999675;-13.07452312478293
9.439999999999674;-13.094210694705453
9.449999999999674;-13.113896927296034
9.459999999999674;-13.133581813670165
9.469999999999674;-13.15326534498439
9.479999999999674;-13.172947512436133
9.489999999999673;-13.192628307263476
9.499999999999673;-13.212307720745015
9.509999999999673;-13.23198574419958
9.519999999999673;-13.251662368986041
9.529999999999673;-13.271337586503284
9.539999999999672;-13.291011388189691
9.549999999999672;-13.310683765523214
9.559999999999672;-13.33035471002112
9.569999999999672;-13.350024213239651
9.579999999999671;-13.369692266774083
9.589999999999671;-13.389358862258312
9.599999999999671;-13.409023991364734
9.60999999999967;-13.428687645804143
9.61999999999967;-13.448349817325411
9.62999999999967;-13.468010497715387
9.63999999999967;-13.487669678798612
9.64999999999967;-13.507327352437311
9.65999999999967;-13.526983510531034
9.66999999999967;-13.546638145016534
9.67999999999967;-13.566291247867593
9.689999999999669;-13.585942811094814
9.699999999999669;-13.605714047991912
9.709999999999669;-13.625363748648045
9.719999999999668;-13.64501189607137
9.729999999999668;-13.664658482477726
9.739999999999668;-13.684303500119055
9.749999999999668;-13.703946941283288
9.759999999999668;-13.723588798294102
9.769999999999667;-13.743229063510793
9.779999999999667;-13.762867729328113
9.789999999999667;-13.782504788175988
9.799999999999667;-13.80214023251958
9.809999999999667;-13.821774054858817
9.819999999999666;-13.841406247728468
9.829999999999666;-13.86103680369781
9.839999999999666;-13.880665715370542
9.849999999999666;-13.900292975384716
9.859999999999665;-13.919918576412321
9.869999999999665;-13.939542511159328
9.879999999999665;-13.959164772365362
9.889999999999665;-13.978785352803804
9.899999999999665;-13.998404245281332
9.909999999999664;-14.018021442637888
9.919999999999664;-14.037636937746525
9.929999999999664;-14.0572507235133
9.939999999999664;-14.076862792876906
9.949999999999664;-14.096473138808788
9.959999999999663;-14.116081754312756
9.969999999999663;-14.135688632425055
9.979999999999663;-14.15529376621396
9.989999999999663;-14.174897148779749
9.999999999999662;-14.194498773254653
